Month,BTC-USD,ETH-USD,ADA-USD,MATIC-USD,LINK-USD,SOL-USD,AVAX-USD,^GSPC,^IXIC,^RUT,^FTSE,^N225,^GDAXI,QQQ,VTI,VNQ,GC=F,SI=F,CL=F,HG=F,NG=F
2014-01,,,,,,,,1782.59,4103.88,1130.88,6510.4,14914.53,9306.48,78.14,75.61,41.4,1240.1,19.1,97.49,3.22,4.94
2014-02,,,,,,,,1859.45,4308.12,1183.03,6809.7,14841.07,9692.08,81.82,79.29,43.5,1321.4,21.2,102.59,3.24,4.61
2014-03,,,,,,,,1872.34,4198.99,1173.04,6598.4,14827.83,9555.91,79.74,79.35,43.43,1283.4,19.73,101.58,3.05,4.37
2014-04,,,,,,,,1883.95,4114.56,1126.86,6780.0,14304.11,9603.23,79.66,79.74,45.15,1295.6,19.12,99.74,3.03,4.82
2014-05,,,,,,,,1923.57,4242.62,1134.5,6844.5,14632.38,9943.27,83.24,81.42,46.23,1245.6,18.65,102.71,3.14,4.54
2014-06,,,,,,,,1960.23,4408.18,1192.96,6743.9,15162.1,9833.07,85.61,83.21,46.32,,,,,
2014-07,,,,,,,,1930.67,4369.77,1120.07,6730.1,15620.77,9407.48,86.85,81.89,46.79,1281.3,20.37,98.17,3.22,3.84
2014-08,,,,,,,,2003.37,4580.27,1174.35,6819.8,15424.59,9470.17,91.2,85.28,48.22,1285.8,19.4,95.96,3.13,4.07
2014-09,386.94,,,,,,,1972.29,4493.39,1101.68,6622.7,16173.52,9474.3,90.3,83.12,44.89,1210.5,17.01,91.16,3.01,4.12
2014-10,338.32,,,,,,,2018.05,4630.74,1173.51,6546.5,16413.76,9326.87,92.9,85.79,49.81,1171.1,16.08,80.54,3.06,3.87
2014-11,378.05,,,,,,,2067.56,4791.63,1173.23,6722.6,17459.85,9980.85,97.13,87.92,50.8,1175.2,15.49,66.15,2.86,4.09
2014-12,320.19,,,,,,,2058.9,4736.05,1204.7,6566.1,17450.77,9805.55,94.6,87.42,51.07,1183.9,15.56,53.27,2.84,2.89
2015-01,217.46,,,,,,,1994.99,4635.24,1165.39,6749.4,17674.39,10694.32,92.97,85.48,55.32,1278.5,17.19,48.24,2.53,2.69
2015-02,254.26,,,,,,,2104.5,4963.53,1233.37,6946.7,18797.94,11401.66,99.69,90.39,53.28,,,,,
2015-03,244.22,,,,,,,2067.89,4900.88,1252.77,6773.0,19206.99,11966.17,97.11,88.92,53.89,,,,,
2015-04,236.15,,,,,,,2085.51,4941.42,1220.13,6960.6,19520.01,11454.38,99.21,89.89,51.04,1182.4,16.12,59.63,2.89,2.75
2015-05,230.19,,,,,,,2107.39,5070.03,1246.53,6984.4,20563.15,11413.82,101.44,91.05,50.88,1189.4,16.68,60.3,2.76,2.64
2015-06,263.07,,,,,,,2063.11,4986.87,1253.95,6521.0,20235.73,10944.97,98.69,89.14,48.02,1171.5,15.55,59.47,2.62,2.83
2015-07,284.65,,,,,,,2103.84,5128.28,1238.68,6696.3,20585.24,11308.99,103.42,91.05,51.31,1094.9,14.75,47.12,2.37,2.72
2015-08,230.06,,,,,,,1972.18,4776.51,1159.45,6247.9,18890.48,10259.46,96.37,85.5,48.08,1131.6,14.58,49.2,2.34,2.69
2015-09,236.06,,,,,,,1920.03,4620.16,1100.69,6061.6,17388.15,9660.44,94.01,82.58,49.06,1115.5,14.51,45.09,2.35,2.52
2015-10,314.17,,,,,,,2079.36,5053.75,1161.86,6361.1,19083.1,10850.14,104.95,89.57,52.4,1141.5,15.57,46.59,2.31,2.32
2015-11,377.32,,,,,,,2080.41,5108.67,1198.11,6356.1,19747.47,11382.23,105.59,90.11,52.08,,,,,
2015-12,430.57,,,,,,,2043.94,5007.41,1135.89,6242.3,19033.71,10743.01,103.59,87.7,52.3,1060.3,13.77,37.04,2.13,2.34
2016-01,368.77,,,,,,,1940.24,4613.95,1035.38,6083.8,17518.3,9798.11,96.73,83.15,51.21,1116.4,14.23,33.62,2.06,2.3
2016-02,437.7,,,,,,,1932.23,4557.95,1033.9,6097.1,16026.76,9495.4,95.21,83.14,51.02,1233.9,14.9,33.75,2.13,1.71
2016-03,416.73,,,,,,,2059.74,4869.85,1114.03,6174.9,16758.67,9965.51,101.44,88.64,55.74,1234.2,15.46,38.34,2.18,1.96
2016-04,448.32,,,,,,,2065.3,4775.36,1130.85,6241.9,16666.05,10038.97,98.5,89.64,55.04,1289.2,17.79,45.92,2.28,2.18
2016-05,531.39,,,,,,,2096.95,4948.05,1154.79,6230.8,17234.98,10262.74,102.8,91.19,56.27,,,,,
2016-06,673.34,,,,,,,2098.86,4842.67,1151.92,6504.3,15575.92,9680.09,100.19,91.04,59.64,1318.4,18.58,48.33,2.19,2.92
2016-07,624.68,,,,,,,2173.6,5162.13,1219.94,6724.4,16569.27,10337.5,107.64,95.08,62.74,1349.0,20.31,41.6,2.22,2.88
2016-08,575.47,,,,,,,2170.95,5213.22,1239.91,6781.5,16887.4,10592.69,108.77,95.27,60.38,1306.9,18.62,44.7,2.07,2.89
2016-09,609.73,,,,,,,2168.27,5312.0,1251.65,6899.3,16449.84,10511.02,110.9,95.0,58.86,1313.3,19.14,48.24,2.2,2.91
2016-10,700.97,,,,,,,2126.15,5189.14,1191.39,6954.2,17425.02,10665.01,109.56,93.37,55.87,1271.5,17.76,46.86,2.2,3.03
2016-11,745.69,,,,,,,2198.81,5323.68,1322.34,6783.8,18308.48,10640.3,110.04,97.56,54.93,1170.8,16.41,49.44,2.62,3.35
2016-12,963.74,,,,,,,2238.83,5383.12,1357.13,7142.8,19114.37,11481.06,110.96,98.88,56.39,1150.0,15.94,53.72,2.5,3.72
2017-01,970.4,,,,,,,2278.87,5614.79,1361.82,7099.2,19041.34,11535.31,117.01,101.35,57.46,,,,,
2017-02,1179.97,,,,,,,2363.64,5825.44,1386.68,7263.4,19118.99,11834.41,122.12,105.09,59.48,1252.6,18.42,54.01,2.7,2.77
2017-03,1071.79,,,,,,,2362.72,5911.74,1385.92,7322.9,18909.26,12312.87,124.34,104.68,57.62,1247.3,18.24,50.6,2.65,3.19
2017-04,1347.89,,,,,,,2384.2,6047.61,1400.43,7203.9,19196.74,12438.01,128.0,106.27,58.18,1266.1,17.19,49.33,2.6,3.28
2017-05,2286.41,,,,,,,2411.8,6198.52,1370.21,7520.0,19650.57,12615.06,132.99,107.34,57.76,1272.0,17.37,48.32,2.58,3.07
2017-06,2480.84,,,,,,,2423.41,6140.42,1415.36,7312.7,20033.43,12325.12,129.55,107.86,58.49,1240.7,16.57,46.04,2.7,3.04
2017-07,2875.34,,,,,,,2470.3,6348.12,1425.14,7372.0,19925.18,12118.25,135.18,110.4,59.78,1266.6,16.75,50.17,2.89,2.79
2017-08,4703.39,,,,,,,2471.65,6428.66,1405.28,7430.6,19646.24,12055.84,137.98,110.56,59.62,1316.2,17.48,47.23,3.08,3.04
2017-09,4338.71,,,,,,,2519.36,6495.96,1490.86,7372.8,20356.28,12828.86,137.27,112.77,58.95,1281.5,16.61,51.67,2.94,3.01
2017-10,6468.4,,,,,,,2575.26,6727.67,1502.53,7493.1,22011.61,13229.57,143.91,115.72,58.92,,,,,
2017-11,10233.6,447.11,0.12,,0.17,,,2647.58,6873.97,1544.14,7326.7,22724.96,13023.98,146.75,119.22,60.49,1273.2,16.38,57.4,3.04,3.03
2017-12,14156.4,756.73,0.72,,0.6,,,2673.61,6903.39,1535.51,7687.8,22764.94,12917.64,147.33,120.02,59.48,1306.3,17.06,60.42,3.28,2.95
2018-01,10221.1,1118.31,0.52,,0.62,,,2823.81,7411.48,1574.98,7533.6,23098.29,13189.48,160.56,126.92,57.83,1339.0,17.2,64.73,3.18,2.99
2018-02,10397.9,855.2,0.31,,0.66,,,2713.83,7273.01,1512.45,7231.9,22068.24,12435.85,158.49,122.15,53.39,1315.5,16.32,61.64,3.11,2.67
2018-03,6973.53,396.46,0.16,,0.28,,,2640.87,7063.45,1529.43,7056.6,21454.3,12096.73,151.78,119.26,54.93,1322.8,16.22,64.94,3.02,2.73
2018-04,9240.55,669.92,0.34,,0.54,,,2648.05,7066.27,1541.88,7509.3,22467.87,12612.11,152.79,120.29,55.92,,,,,
2018-05,7494.17,577.65,0.23,,0.34,,,2705.27,7442.12,1633.61,7678.2,22201.82,12604.89,161.46,123.56,57.98,1300.1,16.4,67.04,3.06,2.95
2018-06,6404.0,455.18,0.14,,0.23,,,2718.37,7510.3,1643.07,7636.9,22304.51,12306.0,162.96,123.9,59.86,1251.3,16.1,74.15,2.95,2.92
2018-07,7780.44,433.87,0.14,,0.29,,,2816.29,7671.79,1670.8,7748.8,22553.72,12805.5,167.88,128.56,60.78,,,,,
2018-08,7037.58,283.0,0.1,,0.33,,,2901.52,8109.54,1740.75,7432.4,22865.15,12364.06,177.58,132.97,62.34,1200.3,14.44,69.8,2.65,2.92
2018-09,6625.56,232.85,0.09,,0.33,,,2913.98,8046.35,1696.57,7510.2,24120.04,12246.73,176.76,132.6,59.84,1191.5,14.62,73.25,2.79,3.01
2018-10,6317.61,197.38,0.07,,0.51,,,2711.74,7305.9,1511.41,7128.1,21920.46,11447.51,161.86,123.36,58.91,1212.3,14.23,65.31,2.66,3.26
2018-11,4017.27,113.17,0.04,,0.32,,,2760.17,7330.54,1533.27,6980.2,22351.06,11257.24,161.43,125.84,61.66,1220.2,14.09,50.93,2.78,4.61
2018-12,3742.7,133.37,0.04,,0.29,,,2506.85,6635.28,1348.56,6728.1,20014.77,10558.96,147.03,113.63,56.09,1278.3,15.43,45.41,2.63,2.94
2019-01,3457.79,107.06,0.04,,0.39,,,2704.1,7281.74,1499.42,6968.9,20773.49,11173.1,160.73,124.06,63.48,1319.7,16.02,53.79,2.79,2.81
2019-02,3854.79,136.75,0.04,,0.43,,,2784.49,7532.53,1575.55,7074.7,21385.16,11515.64,165.54,128.47,63.93,1312.8,15.54,57.22,2.95,2.81
2019-03,4105.4,141.51,0.07,,0.51,,,2834.4,7729.32,1539.74,7279.2,21205.81,11526.04,171.73,129.59,66.15,1293.0,15.06,60.14,2.94,2.66
2019-04,5350.73,162.17,0.07,0.0,0.47,,,2945.83,8095.39,1591.21,7418.2,22258.73,12344.08,181.5,135.4,66.51,1282.8,14.9,63.91,2.9,2.58
2019-05,8574.5,268.11,0.09,0.02,1.02,,,2752.06,7453.15,1465.49,7161.7,20601.19,11726.84,166.57,126.67,66.61,1305.8,14.53,53.5,2.65,2.45
2019-06,10817.16,290.7,0.08,0.02,3.45,,,2941.76,8006.24,1566.57,7425.6,21275.92,12398.8,178.82,135.13,67.0,1409.7,15.25,58.47,2.71,2.31
2019-07,10085.63,218.65,0.06,0.01,2.2,,,2980.38,8175.42,1574.61,7586.8,21521.53,12189.04,183.4,137.55,68.79,1426.1,16.35,58.58,2.66,2.23
2019-08,9630.66,172.47,0.04,0.01,1.79,,,2926.46,7962.88,1494.84,7207.2,20704.37,11939.28,179.91,134.69,71.37,1519.1,18.18,55.1,2.53,2.29
2019-09,8293.87,179.87,0.04,0.01,1.76,,,2976.74,7999.34,1523.37,7408.2,21755.84,12428.08,181.2,136.46,72.17,,,,,
2019-10,9199.58,183.97,0.04,0.01,2.74,,,3037.56,8292.36,1562.45,7248.4,22927.04,12866.79,189.52,139.97,73.57,1511.4,18.01,54.18,2.63,2.63
2019-11,7569.63,152.54,0.04,0.03,2.24,,,3140.98,8665.47,1624.5,7346.5,23293.91,13236.38,197.23,145.27,72.61,1465.6,16.97,55.17,2.64,2.28
2019-12,7193.6,129.61,0.03,0.01,1.77,,,3230.78,8972.6,1668.47,7542.4,23656.62,13249.01,204.45,148.54,72.39,,,,,
2020-01,9350.53,180.16,0.05,0.02,2.82,,,3225.52,9150.94,1614.06,7286.0,23205.18,12981.97,211.12,149.26,74.06,1582.9,17.97,51.56,2.52,1.84
2020-02,8599.51,219.85,0.05,0.02,4.11,,,2954.22,8567.37,1476.43,6580.6,21142.96,11890.35,198.33,137.32,68.86,1564.1,16.39,44.76,2.55,1.68
2020-03,6438.64,133.59,0.03,0.01,2.27,,,2584.59,7700.1,1153.1,5672.0,18917.01,9935.84,183.49,117.66,55.08,,,,,
2020-04,8658.55,207.6,0.05,0.02,3.72,0.69,,2912.43,8889.55,1310.66,5901.2,20193.69,10861.64,211.42,133.78,60.48,1684.2,14.9,18.84,2.35,1.95
2020-05,9461.06,230.98,0.07,0.02,4.13,0.57,,3044.31,9489.87,1394.04,6076.6,21877.89,11586.85,225.37,141.0,61.53,1736.9,18.44,35.49,2.43,1.85
2020-06,9137.99,226.32,0.08,0.02,4.57,0.86,,3100.29,10058.77,1441.37,6169.7,22288.14,12310.93,239.13,143.59,62.4,1793.0,18.54,39.27,2.71,1.75
2020-07,11323.47,345.55,0.14,0.02,7.77,1.54,4.99,3271.12,10745.27,1480.43,5897.8,21710.0,12313.36,257.14,152.52,65.32,1962.8,24.19,40.27,2.86,1.8
2020-08,11680.82,435.08,0.12,0.03,15.71,4.78,,3500.31,11775.46,1561.88,5963.6,23139.76,12945.38,285.28,163.36,65.61,1967.6,28.44,42.61,3.04,2.63
2020-09,10784.49,359.94,0.1,0.02,9.85,2.9,4.32,3363.0,11167.51,1507.69,5866.1,23185.12,12760.73,268.8,156.94,63.37,1887.5,23.43,40.22,3.03,2.53
2020-10,13781.0,386.59,0.09,0.01,11.22,1.54,3.65,3269.96,10911.59,1538.48,5577.3,22977.13,11556.48,260.61,154.51,61.94,1877.4,23.62,35.79,3.04,3.35
2020-11,19625.84,614.84,0.17,0.02,14.23,1.97,3.69,3621.63,12198.74,1819.82,6266.2,26433.62,13291.16,289.87,172.75,67.93,,,,,
2020-12,29001.72,737.8,0.18,0.02,11.27,1.51,3.14,3756.07,12888.28,1974.86,6460.5,27444.17,13718.78,303.53,180.09,68.69,1893.1,26.33,48.52,3.51,2.54
2021-01,33114.36,1314.99,0.34,0.04,22.6,4.26,13.52,3714.24,13070.69,2073.64,6407.5,27663.39,13432.87,304.87,180.22,69.82,1847.3,26.9,52.2,3.57,2.56
2021-02,45137.77,1416.05,1.31,0.23,24.66,13.09,23.82,3811.15,13192.35,2201.05,6483.4,28966.01,13786.29,304.47,185.88,72.21,1728.1,26.4,61.5,4.09,2.77
2021-03,58918.83,1918.36,1.19,0.36,29.35,19.47,28.73,3972.89,13246.87,2220.52,6713.6,29178.8,15008.34,309.3,192.02,75.49,1713.8,24.52,59.16,4.0,2.61
2021-04,57750.18,2773.21,1.35,0.82,38.13,42.96,32.92,4181.17,13962.68,2266.45,6969.8,28812.63,15135.91,328.0,202.36,81.9,1767.3,25.85,63.58,4.48,2.93
2021-05,37332.86,2714.95,1.74,1.88,32.09,32.82,18.16,4204.11,13748.74,2268.97,7022.6,28860.08,15421.13,324.06,203.28,82.56,1902.5,27.99,66.32,4.68,2.99
2021-06,35040.84,2274.55,1.38,1.17,19.5,35.56,11.96,4297.5,14503.95,2310.55,7037.5,28791.53,15531.04,343.95,207.69,84.14,1770.8,26.17,73.47,4.3,3.65
2021-07,41626.2,2536.21,1.32,1.08,22.75,36.83,13.59,4395.26,14672.68,2226.25,7032.3,27283.59,15544.39,354.2,211.95,88.48,1812.6,25.53,73.95,4.48,3.91
2021-08,47166.69,3433.73,2.77,1.34,26.75,108.48,39.49,4522.68,15259.24,2273.77,7119.7,28089.54,15835.09,369.14,218.01,90.39,,,,,
2021-09,43790.89,3001.68,2.11,1.13,23.99,141.07,66.77,4307.54,14448.58,2204.37,7086.4,29452.66,15260.69,347.78,207.62,84.73,1755.3,22.02,75.03,4.09,5.87
2021-10,61318.96,4288.07,1.97,1.94,29.99,202.42,64.29,4605.38,15498.39,2297.19,7237.6,28892.69,15688.77,375.54,222.2,91.33,1783.0,23.94,83.57,4.38,5.43
2021-11,57005.43,4631.48,1.55,1.79,25.34,208.67,120.34,4567.0,15537.69,2198.91,7059.5,27821.76,15100.13,383.04,218.96,89.41,1773.6,22.76,66.18,4.28,4.57
2021-12,46306.45,3682.63,1.31,2.53,19.59,170.3,109.27,4766.18,15644.97,2245.31,7384.5,28791.71,15884.86,386.96,226.45,97.17,1827.5,23.33,75.21,4.45,3.73
2022-01,38483.12,2688.28,1.05,1.64,17.24,99.74,69.99,4515.55,14239.88,2028.45,7464.4,27001.98,15471.2,353.57,213.49,89.82,1795.0,22.4,88.15,4.32,4.87
2022-02,43193.23,2919.2,0.96,1.61,15.12,99.52,84.34,4373.94,13751.4,2048.09,7458.3,26526.82,14461.02,337.74,208.18,86.7,1899.4,24.36,95.72,4.44,4.4
2022-03,45538.68,3281.64,1.14,1.62,16.91,122.66,96.92,4530.41,14220.52,2070.13,7515.7,27821.43,14414.75,353.07,214.3,91.62,1949.2,25.12,100.28,4.74,5.64
2022-04,37714.88,2730.19,0.76,1.04,11.0,85.1,57.05,4131.93,12334.64,1864.1,7544.6,26847.9,14097.88,305.44,195.34,88.36,1909.3,23.04,104.69,4.39,7.24
2022-05,31792.31,1942.33,0.63,0.66,7.59,45.77,26.39,4132.15,12081.39,1864.04,7607.7,27279.8,14388.35,300.6,194.85,84.22,,,,,
2022-06,19784.73,1067.3,0.46,0.48,6.25,33.59,16.93,3785.38,11028.74,1707.99,7169.3,26393.04,12783.77,273.3,178.1,77.45,1804.1,20.28,105.76,3.71,5.42
2022-07,23336.9,1681.52,0.52,0.93,7.67,42.4,23.75,4130.29,12390.69,1885.23,7423.4,27801.64,13484.05,308.19,195.52,84.66,1762.9,20.16,98.62,3.58,8.23
2022-08,20049.76,1553.68,0.45,0.83,6.63,31.47,19.13,3955.0,11816.2,1844.12,7284.2,28091.53,12834.96,292.37,188.23,79.57,1712.8,17.76,89.55,3.52,9.13
2022-09,19431.79,1327.98,0.43,0.78,7.58,33.21,17.2,3585.62,10575.62,1664.72,6893.8,25937.21,12114.36,261.1,170.14,68.59,1662.4,18.96,79.49,3.44,6.77
2022-10,20495.77,1572.71,0.41,0.9,7.86,32.61,19.31,3871.98,10988.15,1846.86,7094.5,27587.46,13253.74,272.03,184.72,71.76,1635.9,19.12,86.53,3.41,6.36
2022-11,17168.57,1295.69,0.32,0.94,7.68,14.12,13.16,4080.11,11468.0,1886.58,7573.1,27968.99,14397.04,287.11,194.27,76.17,1746.0,21.55,80.55,3.73,6.93
2022-12,16547.5,1196.77,0.25,0.76,5.57,9.96,10.9,3839.5,10466.48,1761.25,7451.7,26094.5,13923.59,260.61,182.02,71.33,1819.7,23.86,80.26,3.81,4.47
2023-01,23139.28,1586.54,0.39,1.11,6.95,23.95,19.84,4076.6,11584.55,1931.94,7771.7,27327.11,15128.27,289.04,195.56,79.86,,,,,
2023-02,23147.35,1605.9,0.35,1.2,7.19,21.92,17.08,3970.15,11455.54,1896.99,7876.3,27445.56,15365.14,288.0,190.86,75.18,1828.9,20.96,77.05,4.1,2.75
2023-03,28478.48,1822.02,0.4,1.12,7.59,21.17,17.72,4109.31,12221.91,1802.48,7631.7,28041.48,15628.84,314.85,195.24,72.83,1969.0,24.08,75.67,4.1,2.22
2023-04,29268.81,1876.92,0.4,0.98,7.05,22.83,17.17,4169.48,12226.58,1768.99,7870.6,28856.44,15922.38,316.94,198.14,73.79,1990.1,25.0,76.78,3.87,2.41
2023-05,27219.66,1874.13,0.37,0.89,6.48,20.82,14.12,4179.83,12935.29,1749.65,7446.1,30887.88,15664.02,341.92,198.99,70.86,1963.9,23.47,68.09,3.63,2.27
2023-06,30477.25,1933.19,0.29,0.66,6.31,18.9,13.01,4450.38,13787.92,1888.73,7531.5,33189.04,16147.9,362.98,211.57,74.02,1921.1,22.81,70.64,3.74,2.8
2023-07,29230.11,1856.16,0.31,0.69,7.54,23.72,12.83,4588.96,14346.02,2003.18,7699.4,33172.22,16446.83,377.51,220.16,76.38,1970.5,24.85,81.8,3.99,2.63
2023-08,25931.47,1645.64,0.26,0.55,5.88,19.74,9.99,4507.66,14034.97,1899.68,7439.1,32619.34,15947.08,371.91,215.9,73.8,1938.2,24.47,83.63,3.77,2.77
2023-09,26967.92,1671.16,0.25,0.53,8.18,21.4,9.24,4288.05,13219.32,1785.1,7608.1,31857.62,15386.58,352.51,204.79,67.78,1848.1,22.24,90.79,3.73,2.93
2023-10,34667.78,1816.46,0.29,0.64,11.38,38.52,11.32,4193.8,12851.24,1662.28,7321.7,30858.85,14810.34,345.73,200.1,65.96,,,,,
2023-11,37712.75,2052.56,0.38,0.76,14.4,59.24,21.39,4567.8,14226.22,1809.02,7453.8,33486.89,16215.43,383.13,218.94,73.93,2038.1,25.29,75.96,3.83,2.8
2023-12,42265.19,2281.47,0.59,0.97,14.95,101.51,38.54,4769.83,15011.35,2027.07,7733.2,33464.17,16751.64,403.52,229.55,79.92,2062.4,23.85,71.65,3.88,2.51
2024-01,42582.61,2282.54,0.5,0.79,15.4,97.03,33.16,4845.65,15164.01,1947.34,7630.6,36286.71,16903.76,411.9,233.11,76.82,2048.4,23.05,75.85,3.9,2.1
2024-02,61198.38,3341.92,0.66,1.0,19.29,125.71,40.94,5096.27,16091.92,2054.84,7630.0,39166.19,17678.19,433.66,245.46,78.34,2045.7,22.67,78.26,3.83,1.86
2024-03,71333.65,3647.86,0.65,1.0,19.14,202.87,54.11,5254.35,16379.46,2124.55,7952.6,40369.44,18492.49,438.61,252.57,79.19,2217.4,24.8,83.17,4.0,1.76
2024-04,60636.86,3012.29,0.44,0.67,13.13,126.96,32.71,5035.69,15657.82,1973.91,8144.1,38405.66,17932.17,419.98,242.45,73.52,2291.4,26.39,81.93,4.56,1.99
2024-05,67491.41,3760.03,0.45,0.69,18.42,165.64,36.06,5277.51,16735.02,2070.13,8275.4,38487.9,18497.94,445.81,253.99,76.87,2322.9,30.3,76.99,4.61,2.59
2024-06,62678.29,3432.89,0.39,0.56,14.26,146.49,29.36,5460.48,17732.6,2047.69,8164.1,39583.08,18235.45,473.91,260.88,77.35,2327.7,29.24,81.54,4.39,2.6
2024-07,64619.25,3231.3,0.39,0.5,12.83,171.83,25.72,5522.3,17599.4,2254.48,8368.0,39101.82,18508.65,466.69,266.76,84.53,2426.5,28.78,77.91,4.16,2.04
2024-08,58969.9,2513.39,0.35,0.42,11.02,135.37,22.8,5648.4,17713.62,2217.63,8376.6,38647.75,18906.92,471.84,272.44,88.94,2493.8,28.73,73.55,4.14,2.13
2024-09,63329.5,2603.06,0.37,0.4,11.85,152.62,27.74,5762.48,18189.17,2229.97,8237.0,37919.55,19324.93,483.54,277.12,91.09,,,,,
2024-10,70215.19,2515.8,0.34,0.32,11.42,168.43,25.02,5705.45,18095.15,2196.65,8110.1,39081.25,19077.54,480.03,275.89,88.77,2738.3,32.65,69.26,4.31,2.71
2024-11,96449.05,3705.71,1.08,0.6,19.02,237.74,44.89,6032.38,19218.17,2434.73,8287.3,38208.03,19626.45,505.71,294.37,92.55,2657.0,30.68,68.0,4.08,3.36
2024-12,93429.2,3332.53,0.84,0.45,20.0,189.26,35.69,5881.63,19310.79,2230.16,8173.0,39894.54,19909.14,507.19,284.51,83.99,,,,,
